row,price_buy,price_maint,doors,persons,trunk,safety,class,sorter
0,vhigh,vhigh,2,2,small,med,unacc,4
1,vhigh,vhigh,2,2,small,high,unacc,4
2,vhigh,vhigh,2,2,med,low,unacc,4
3,vhigh,vhigh,2,2,med,med,unacc,4
4,vhigh,vhigh,2,2,med,high,unacc,4
5,vhigh,vhigh,2,2,big,low,unacc,4
6,vhigh,vhigh,2,2,big,med,unacc,4
7,vhigh,vhigh,2,2,big,high,unacc,4
8,vhigh,vhigh,2,4,small,low,unacc,4
9,vhigh,vhigh,2,4,small,med,unacc,4
10,vhigh,vhigh,2,4,small,high,unacc,4
11,vhigh,vhigh,2,4,med,low,unacc,4
12,vhigh,vhigh,2,4,med,med,unacc,4
13,vhigh,vhigh,2,4,med,high,unacc,4
14,vhigh,vhigh,2,4,big,low,unacc,4
15,vhigh,vhigh,2,4,big,med,unacc,4
16,vhigh,vhigh,2,4,big,high,unacc,4
17,vhigh,vhigh,2,more,small,low,unacc,4
18,vhigh,vhigh,2,more,small,med,unacc,4
19,vhigh,vhigh,2,more,small,high,unacc,4
20,vhigh,vhigh,2,more,med,low,unacc,4
21,vhigh,vhigh,2,more,med,med,unacc,4
22,vhigh,vhigh,2,more,med,high,unacc,4
23,vhigh,vhigh,2,more,big,low,unacc,4
24,vhigh,vhigh,2,more,big,med,unacc,4
25,vhigh,vhigh,2,more,big,high,unacc,4
26,vhigh,vhigh,3,2,small,low,unacc,4
27,vhigh,vhigh,3,2,small,med,unacc,4
28,vhigh,vhigh,3,2,small,high,unacc,4
29,vhigh,vhigh,3,2,med,low,unacc,4
30,vhigh,vhigh,3,2,med,med,unacc,4
31,vhigh,vhigh,3,2,med,high,unacc,4
32,vhigh,vhigh,3,2,big,low,unacc,4
33,vhigh,vhigh,3,2,big,med,unacc,4
34,vhigh,vhigh,3,2,big,high,unacc,4
35,vhigh,vhigh,3,4,small,low,unacc,4
36,vhigh,vhigh,3,4,small,med,unacc,4
37,vhigh,vhigh,3,4,small,high,unacc,4
38,vhigh,vhigh,3,4,med,low,unacc,4
39,vhigh,vhigh,3,4,med,med,unacc,4
40,vhigh,vhigh,3,4,med,high,unacc,4
41,vhigh,vhigh,3,4,big,low,unacc,4
42,vhigh,vhigh,3,4,big,med,unacc,4
43,vhigh,vhigh,3,4,big,high,unacc,4
44,vhigh,vhigh,3,more,small,low,unacc,4
45,vhigh,vhigh,3,more,small,med,unacc,4
46,vhigh,vhigh,3,more,small,high,unacc,4
47,vhigh,vhigh,3,more,med,low,unacc,4
48,vhigh,vhigh,3,more,med,med,unacc,4
49,vhigh,vhigh,3,more,med,high,unacc,4
50,vhigh,vhigh,3,more,big,low,unacc,4
51,vhigh,vhigh,3,more,big,med,unacc,4
52,vhigh,vhigh,3,more,big,high,unacc,4
53,vhigh,vhigh,4,2,small,low,unacc,4
54,vhigh,vhigh,4,2,small,med,unacc,4
55,vhigh,vhigh,4,2,small,high,unacc,4
56,vhigh,vhigh,4,2,med,low,unacc,4
57,vhigh,vhigh,4,2,med,med,unacc,4
58,vhigh,vhigh,4,2,med,high,unacc,4
59,vhigh,vhigh,4,2,big,low,unacc,4
60,vhigh,vhigh,4,2,big,med,unacc,4
61,vhigh,vhigh,4,2,big,high,unacc,4
62,vhigh,vhigh,4,4,small,low,unacc,4
63,vhigh,vhigh,4,4,small,med,unacc,4
64,vhigh,vhigh,4,4,small,high,unacc,4
65,vhigh,vhigh,4,4,med,low,unacc,4
66,vhigh,vhigh,4,4,med,med,unacc,4
67,vhigh,vhigh,4,4,med,high,unacc,4
68,vhigh,vhigh,4,4,big,low,unacc,4
69,vhigh,vhigh,4,4,big,med,unacc,4
70,vhigh,vhigh,4,4,big,high,unacc,4
71,vhigh,vhigh,4,more,small,low,unacc,4
72,vhigh,vhigh,4,more,small,med,unacc,4
73,vhigh,vhigh,4,more,small,high,unacc,4
74,vhigh,vhigh,4,more,med,low,unacc,4
75,vhigh,vhigh,4,more,med,med,unacc,4
76,vhigh,vhigh,4,more,med,high,unacc,4
77,vhigh,vhigh,4,more,big,low,unacc,4
78,vhigh,vhigh,4,more,big,med,unacc,4
79,vhigh,vhigh,4,more,big,high,unacc,4
80,vhigh,vhigh,5more,2,small,low,unacc,4
81,vhigh,vhigh,5more,2,small,med,unacc,4
82,vhigh,vhigh,5more,2,small,high,unacc,4
83,vhigh,vhigh,5more,2,med,low,unacc,4
84,vhigh,vhigh,5more,2,med,med,unacc,4
85,vhigh,vhigh,5more,2,med,high,unacc,4
86,vhigh,vhigh,5more,2,big,low,unacc,4
87,vhigh,vhigh,5more,2,big,med,unacc,4
88,vhigh,vhigh,5more,2,big,high,unacc,4
89,vhigh,vhigh,5more,4,small,low,unacc,4
90,vhigh,vhigh,5more,4,small,med,unacc,4
91,vhigh,vhigh,5more,4,small,high,unacc,4
92,vhigh,vhigh,5more,4,med,low,unacc,4
93,vhigh,vhigh,5more,4,med,med,unacc,4
94,vhigh,vhigh,5more,4,med,high,unacc,4
95,vhigh,vhigh,5more,4,big,low,unacc,4
96,vhigh,vhigh,5more,4,big,med,unacc,4
97,vhigh,vhigh,5more,4,big,high,unacc,4
98,vhigh,vhigh,5more,more,small,low,unacc,4
99,vhigh,vhigh,5more,more,small,med,unacc,4
100,vhigh,vhigh,5more,more,small,high,unacc,4
101,vhigh,vhigh,5more,more,med,low,unacc,4
102,vhigh,vhigh,5more,more,med,med,unacc,4
103,vhigh,vhigh,5more,more,med,high,unacc,4
104,vhigh,vhigh,5more,more,big,low,unacc,4
105,vhigh,vhigh,5more,more,big,med,unacc,4
106,vhigh,vhigh,5more,more,big,high,unacc,4
107,vhigh,high,2,2,small,low,unacc,3
108,vhigh,high,2,2,small,med,unacc,3
109,vhigh,high,2,2,small,high,unacc,3
110,vhigh,high,2,2,med,low,unacc,3
111,vhigh,high,2,2,med,med,unacc,3
112,vhigh,high,2,2,med,high,unacc,3
113,vhigh,high,2,2,big,low,unacc,3
114,vhigh,high,2,2,big,med,unacc,3
115,vhigh,high,2,2,big,high,unacc,3
116,vhigh,high,2,4,small,low,unacc,3
117,vhigh,high,2,4,small,med,unacc,3
118,vhigh,high,2,4,small,high,unacc,3
119,vhigh,high,2,4,med,low,unacc,3
120,vhigh,high,2,4,med,med,unacc,3
121,vhigh,high,2,4,med,high,unacc,3
122,vhigh,high,2,4,big,low,unacc,3
123,vhigh,high,2,4,big,med,unacc,3
124,vhigh,high,2,4,big,high,unacc,3
125,vhigh,high,2,more,small,low,unacc,3
126,vhigh,high,2,more,small,med,unacc,3
127,vhigh,high,2,more,small,high,unacc,3
128,vhigh,high,2,more,med,low,unacc,3
129,vhigh,high,2,more,med,med,unacc,3
130,vhigh,high,2,more,med,high,unacc,3
131,vhigh,high,2,more,big,low,unacc,3
132,vhigh,high,2,more,big,med,unacc,3
133,vhigh,high,2,more,big,high,unacc,3
134,vhigh,high,3,2,small,low,unacc,3
135,vhigh,high,3,2,small,med,unacc,3
136,vhigh,high,3,2,small,high,unacc,3
137,vhigh,high,3,2,med,low,unacc,3
138,vhigh,high,3,2,med,med,unacc,3
139,vhigh,high,3,2,med,high,unacc,3
140,vhigh,high,3,2,big,low,unacc,3
141,vhigh,high,3,2,big,med,unacc,3
142,vhigh,high,3,2,big,high,unacc,3
143,vhigh,high,3,4,small,low,unacc,3
144,vhigh,high,3,4,small,med,unacc,3
145,vhigh,high,3,4,small,high,unacc,3
146,vhigh,high,3,4,med,low,unacc,3
147,vhigh,high,3,4,med,med,unacc,3
148,vhigh,high,3,4,med,high,unacc,3
149,vhigh,high,3,4,big,low,unacc,3
150,vhigh,high,3,4,big,med,unacc,3
151,vhigh,high,3,4,big,high,unacc,3
152,vhigh,high,3,more,small,low,unacc,3
153,vhigh,high,3,more,small,med,unacc,3
154,vhigh,high,3,more,small,high,unacc,3
155,vhigh,high,3,more,med,low,unacc,3
156,vhigh,high,3,more,med,med,unacc,3
157,vhigh,high,3,more,med,high,unacc,3
158,vhigh,high,3,more,big,low,unacc,3
159,vhigh,high,3,more,big,med,unacc,3
160,vhigh,high,3,more,big,high,unacc,3
161,vhigh,high,4,2,small,low,unacc,3
162,vhigh,high,4,2,small,med,unacc,3
163,vhigh,high,4,2,small,high,unacc,3
164,vhigh,high,4,2,med,low,unacc,3
165,vhigh,high,4,2,med,med,unacc,3
166,vhigh,high,4,2,med,high,unacc,3
167,vhigh,high,4,2,big,low,unacc,3
168,vhigh,high,4,2,big,med,unacc,3
169,vhigh,high,4,2,big,high,unacc,3
170,vhigh,high,4,4,small,low,unacc,3
171,vhigh,high,4,4,small,med,unacc,3
172,vhigh,high,4,4,small,high,unacc,3
173,vhigh,high,4,4,med,low,unacc,3
174,vhigh,high,4,4,med,med,unacc,3
175,vhigh,high,4,4,med,high,unacc,3
176,vhigh,high,4,4,big,low,unacc,3
177,vhigh,high,4,4,big,med,unacc,3
178,vhigh,high,4,4,big,high,unacc,3
179,vhigh,high,4,more,small,low,unacc,3
180,vhigh,high,4,more,small,med,unacc,3
181,vhigh,high,4,more,small,high,unacc,3
182,vhigh,high,4,more,med,low,unacc,3
183,vhigh,high,4,more,med,med,unacc,3
184,vhigh,high,4,more,med,high,unacc,3
185,vhigh,high,4,more,big,low,unacc,3
186,vhigh,high,4,more,big,med,unacc,3
187,vhigh,high,4,more,big,high,unacc,3
188,vhigh,high,5more,2,small,low,unacc,3
189,vhigh,high,5more,2,small,med,unacc,3
190,vhigh,high,5more,2,small,high,unacc,3
191,vhigh,high,5more,2,med,low,unacc,3
192,vhigh,high,5more,2,med,med,unacc,3
193,vhigh,high,5more,2,med,high,unacc,3
194,vhigh,high,5more,2,big,low,unacc,3
195,vhigh,high,5more,2,big,med,unacc,3
196,vhigh,high,5more,2,big,high,unacc,3
197,vhigh,high,5more,4,small,low,unacc,3
198,vhigh,high,5more,4,small,med,unacc,3
199,vhigh,high,5more,4,small,high,unacc,3
200,vhigh,high,5more,4,med,low,unacc,3
201,vhigh,high,5more,4,med,med,unacc,3
202,vhigh,high,5more,4,med,high,unacc,3
203,vhigh,high,5more,4,big,low,unacc,3
204,vhigh,high,5more,4,big,med,unacc,3
205,vhigh,high,5more,4,big,high,unacc,3
206,vhigh,high,5more,more,small,low,unacc,3
207,vhigh,high,5more,more,small,med,unacc,3
208,vhigh,high,5more,more,small,high,unacc,3
209,vhigh,high,5more,more,med,low,unacc,3
210,vhigh,high,5more,more,med,med,unacc,3
211,vhigh,high,5more,more,med,high,unacc,3
212,vhigh,high,5more,more,big,low,unacc,3
213,vhigh,high,5more,more,big,med,unacc,3
214,vhigh,high,5more,more,big,high,unacc,3
215,vhigh,med,2,2,small,low,unacc,2
216,vhigh,med,2,2,small,med,unacc,2
217,vhigh,med,2,2,small,high,unacc,2
218,vhigh,med,2,2,med,low,unacc,2
219,vhigh,med,2,2,med,med,unacc,2
220,vhigh,med,2,2,med,high,unacc,2
221,vhigh,med,2,2,big,low,unacc,2
222,vhigh,med,2,2,big,med,unacc,2
223,vhigh,med,2,2,big,high,unacc,2
224,vhigh,med,2,4,small,low,unacc,2
225,vhigh,med,2,4,small,med,unacc,2
226,vhigh,med,2,4,small,high,acc,2
227,vhigh,med,2,4,med,low,unacc,2
228,vhigh,med,2,4,med,med,unacc,2
229,vhigh,med,2,4,med,high,acc,2
230,vhigh,med,2,4,big,low,unacc,2
231,vhigh,med,2,4,big,med,acc,2
232,vhigh,med,2,4,big,high,acc,2
233,vhigh,med,2,more,small,low,unacc,2
234,vhigh,med,2,more,small,med,unacc,2
235,vhigh,med,2,more,small,high,unacc,2
236,vhigh,med,2,more,med,low,unacc,2
237,vhigh,med,2,more,med,med,unacc,2
238,vhigh,med,2,more,med,high,acc,2
239,vhigh,med,2,more,big,low,unacc,2
240,vhigh,med,2,more,big,med,acc,2
241,vhigh,med,2,more,big,high,acc,2
242,vhigh,med,3,2,small,low,unacc,2
243,vhigh,med,3,2,small,med,unacc,2
244,vhigh,med,3,2,small,high,unacc,2
245,vhigh,med,3,2,med,low,unacc,2
246,vhigh,med,3,2,med,med,unacc,2
247,vhigh,med,3,2,med,high,unacc,2
248,vhigh,med,3,2,big,low,unacc,2
249,vhigh,med,3,2,big,med,unacc,2
250,vhigh,med,3,2,big,high,unacc,2
251,vhigh,med,3,4,small,low,unacc,2
252,vhigh,med,3,4,small,med,unacc,2
253,vhigh,med,3,4,small,high,acc,2
254,vhigh,med,3,4,med,low,unacc,2
255,vhigh,med,3,4,med,med,unacc,2
256,vhigh,med,3,4,med,high,acc,2
257,vhigh,med,3,4,big,low,unacc,2
258,vhigh,med,3,4,big,med,acc,2
259,vhigh,med,3,4,big,high,acc,2
260,vhigh,med,3,more,small,low,unacc,2
261,vhigh,med,3,more,small,med,unacc,2
262,vhigh,med,3,more,small,high,acc,2
263,vhigh,med,3,more,med,low,unacc,2
264,vhigh,med,3,more,med,med,acc,2
265,vhigh,med,3,more,med,high,acc,2
266,vhigh,med,3,more,big,low,unacc,2
267,vhigh,med,3,more,big,med,acc,2
268,vhigh,med,3,more,big,high,acc,2
269,vhigh,med,4,2,small,low,unacc,2
270,vhigh,med,4,2,small,med,unacc,2
271,vhigh,med,4,2,small,high,unacc,2
272,vhigh,med,4,2,med,low,unacc,2
273,vhigh,med,4,2,med,med,unacc,2
274,vhigh,med,4,2,med,high,unacc,2
275,vhigh,med,4,2,big,low,unacc,2
276,vhigh,med,4,2,big,med,unacc,2
277,vhigh,med,4,2,big,high,unacc,2
278,vhigh,med,4,4,small,low,unacc,2
279,vhigh,med,4,4,small,med,unacc,2
280,vhigh,med,4,4,small,high,acc,2
281,vhigh,med,4,4,med,low,unacc,2
282,vhigh,med,4,4,med,med,acc,2
283,vhigh,med,4,4,med,high,acc,2
284,vhigh,med,4,4,big,low,unacc,2
285,vhigh,med,4,4,big,med,acc,2
286,vhigh,med,4,4,big,high,acc,2
287,vhigh,med,4,more,small,low,unacc,2
288,vhigh,med,4,more,small,med,unacc,2
289,vhigh,med,4,more,small,high,acc,2
290,vhigh,med,4,more,med,low,unacc,2
291,vhigh,med,4,more,med,med,acc,2
292,vhigh,med,4,more,med,high,acc,2
293,vhigh,med,4,more,big,low,unacc,2
294,vhigh,med,4,more,big,med,acc,2
295,vhigh,med,4,more,big,high,acc,2
296,vhigh,med,5more,2,small,low,unacc,2
297,vhigh,med,5more,2,small,med,unacc,2
298,vhigh,med,5more,2,small,high,unacc,2
299,vhigh,med,5more,2,med,low,unacc,2
300,vhigh,med,5more,2,med,med,unacc,2
301,vhigh,med,5more,2,med,high,unacc,2
302,vhigh,med,5more,2,big,low,unacc,2
303,vhigh,med,5more,2,big,med,unacc,2
304,vhigh,med,5more,2,big,high,unacc,2
305,vhigh,med,5more,4,small,low,unacc,2
306,vhigh,med,5more,4,small,med,unacc,2
307,vhigh,med,5more,4,small,high,acc,2
308,vhigh,med,5more,4,med,low,unacc,2
309,vhigh,med,5more,4,med,med,acc,2
310,vhigh,med,5more,4,med,high,acc,2
311,vhigh,med,5more,4,big,low,unacc,2
312,vhigh,med,5more,4,big,med,acc,2
313,vhigh,med,5more,4,big,high,acc,2
314,vhigh,med,5more,more,small,low,unacc,2
315,vhigh,med,5more,more,small,med,unacc,2
316,vhigh,med,5more,more,small,high,acc,2
317,vhigh,med,5more,more,med,low,unacc,2
318,vhigh,med,5more,more,med,med,acc,2
319,vhigh,med,5more,more,med,high,acc,2
320,vhigh,med,5more,more,big,low,unacc,2
321,vhigh,med,5more,more,big,med,acc,2
322,vhigh,med,5more,more,big,high,acc,2
323,vhigh,low,2,2,small,low,unacc,1
324,vhigh,low,2,2,small,med,unacc,1
325,vhigh,low,2,2,small,high,unacc,1
326,vhigh,low,2,2,med,low,unacc,1
327,vhigh,low,2,2,med,med,unacc,1
328,vhigh,low,2,2,med,high,unacc,1
329,vhigh,low,2,2,big,low,unacc,1
330,vhigh,low,2,2,big,med,unacc,1
331,vhigh,low,2,2,big,high,unacc,1
332,vhigh,low,2,4,small,low,unacc,1
333,vhigh,low,2,4,small,med,unacc,1
334,vhigh,low,2,4,small,high,acc,1
335,vhigh,low,2,4,med,low,unacc,1
336,vhigh,low,2,4,med,med,unacc,1
337,vhigh,low,2,4,med,high,acc,1
338,vhigh,low,2,4,big,low,unacc,1
339,vhigh,low,2,4,big,med,acc,1
340,vhigh,low,2,4,big,high,acc,1
341,vhigh,low,2,more,small,low,unacc,1
342,vhigh,low,2,more,small,med,unacc,1
343,vhigh,low,2,more,small,high,unacc,1
344,vhigh,low,2,more,med,low,unacc,1
345,vhigh,low,2,more,med,med,unacc,1
346,vhigh,low,2,more,med,high,acc,1
347,vhigh,low,2,more,big,low,unacc,1
348,vhigh,low,2,more,big,med,acc,1
349,vhigh,low,2,more,big,high,acc,1
350,vhigh,low,3,2,small,low,unacc,1
351,vhigh,low,3,2,small,med,unacc,1
352,vhigh,low,3,2,small,high,unacc,1
353,vhigh,low,3,2,med,low,unacc,1
354,vhigh,low,3,2,med,med,unacc,1
355,vhigh,low,3,2,med,high,unacc,1
356,vhigh,low,3,2,big,low,unacc,1
357,vhigh,low,3,2,big,med,unacc,1
358,vhigh,low,3,2,big,high,unacc,1
359,vhigh,low,3,4,small,low,unacc,1
360,vhigh,low,3,4,small,med,unacc,1
361,vhigh,low,3,4,small,high,acc,1
362,vhigh,low,3,4,med,low,unacc,1
363,vhigh,low,3,4,med,med,unacc,1
364,vhigh,low,3,4,med,high,acc,1
365,vhigh,low,3,4,big,low,unacc,1
366,vhigh,low,3,4,big,med,acc,1
367,vhigh,low,3,4,big,high,acc,1
368,vhigh,low,3,more,small,low,unacc,1
369,vhigh,low,3,more,small,med,unacc,1
370,vhigh,low,3,more,small,high,acc,1
371,vhigh,low,3,more,med,low,unacc,1
372,vhigh,low,3,more,med,med,acc,1
373,vhigh,low,3,more,med,high,acc,1
374,vhigh,low,3,more,big,low,unacc,1
375,vhigh,low,3,more,big,med,acc,1
376,vhigh,low,3,more,big,high,acc,1
377,vhigh,low,4,2,small,low,unacc,1
378,vhigh,low,4,2,small,med,unacc,1
379,vhigh,low,4,2,small,high,unacc,1
380,vhigh,low,4,2,med,low,unacc,1
381,vhigh,low,4,2,med,med,unacc,1
382,vhigh,low,4,2,med,high,unacc,1
383,vhigh,low,4,2,big,low,unacc,1
384,vhigh,low,4,2,big,med,unacc,1
385,vhigh,low,4,2,big,high,unacc,1
386,vhigh,low,4,4,small,low,unacc,1
387,vhigh,low,4,4,small,med,unacc,1
388,vhigh,low,4,4,small,high,acc,1
389,vhigh,low,4,4,med,low,unacc,1
390,vhigh,low,4,4,med,med,acc,1
391,vhigh,low,4,4,med,high,acc,1
392,vhigh,low,4,4,big,low,unacc,1
393,vhigh,low,4,4,big,med,acc,1
394,vhigh,low,4,4,big,high,acc,1
395,vhigh,low,4,more,small,low,unacc,1
396,vhigh,low,4,more,small,med,unacc,1
397,vhigh,low,4,more,small,high,acc,1
398,vhigh,low,4,more,med,low,unacc,1
399,vhigh,low,4,more,med,med,acc,1
400,vhigh,low,4,more,med,high,acc,1
401,vhigh,low,4,more,big,low,unacc,1
402,vhigh,low,4,more,big,med,acc,1
403,vhigh,low,4,more,big,high,acc,1
404,vhigh,low,5more,2,small,low,unacc,1
405,vhigh,low,5more,2,small,med,unacc,1
406,vhigh,low,5more,2,small,high,unacc,1
407,vhigh,low,5more,2,med,low,unacc,1
408,vhigh,low,5more,2,med,med,unacc,1
409,vhigh,low,5more,2,med,high,unacc,1
410,vhigh,low,5more,2,big,low,unacc,1
411,vhigh,low,5more,2,big,med,unacc,1
412,vhigh,low,5more,2,big,high,unacc,1
413,vhigh,low,5more,4,small,low,unacc,1
414,vhigh,low,5more,4,small,med,unacc,1
415,vhigh,low,5more,4,small,high,acc,1
416,vhigh,low,5more,4,med,low,unacc,1
417,vhigh,low,5more,4,med,med,acc,1
418,vhigh,low,5more,4,med,high,acc,1
419,vhigh,low,5more,4,big,low,unacc,1
420,vhigh,low,5more,4,big,med,acc,1
421,vhigh,low,5more,4,big,high,acc,1
422,vhigh,low,5more,more,small,low,unacc,1
423,vhigh,low,5more,more,small,med,unacc,1
424,vhigh,low,5more,more,small,high,acc,1
425,vhigh,low,5more,more,med,low,unacc,1
426,vhigh,low,5more,more,med,med,acc,1
427,vhigh,low,5more,more,med,high,acc,1
428,vhigh,low,5more,more,big,low,unacc,1
429,vhigh,low,5more,more,big,med,acc,1
430,vhigh,low,5more,more,big,high,acc,1
431,high,vhigh,2,2,small,low,unacc,4
432,high,vhigh,2,2,small,med,unacc,4
433,high,vhigh,2,2,small,high,unacc,4
434,high,vhigh,2,2,med,low,unacc,4
435,high,vhigh,2,2,med,med,unacc,4
436,high,vhigh,2,2,med,high,unacc,4
437,high,vhigh,2,2,big,low,unacc,4
438,high,vhigh,2,2,big,med,unacc,4
439,high,vhigh,2,2,big,high,unacc,4
440,high,vhigh,2,4,small,low,unacc,4
441,high,vhigh,2,4,small,med,unacc,4
442,high,vhigh,2,4,small,high,unacc,4
443,high,vhigh,2,4,med,low,unacc,4
444,high,vhigh,2,4,med,med,unacc,4
445,high,vhigh,2,4,med,high,unacc,4
446,high,vhigh,2,4,big,low,unacc,4
447,high,vhigh,2,4,big,med,unacc,4
448,high,vhigh,2,4,big,high,unacc,4
449,high,vhigh,2,more,small,low,unacc,4
450,high,vhigh,2,more,small,med,unacc,4
451,high,vhigh,2,more,small,high,unacc,4
452,high,vhigh,2,more,med,low,unacc,4
453,high,vhigh,2,more,med,med,unacc,4
454,high,vhigh,2,more,med,high,unacc,4
455,high,vhigh,2,more,big,low,unacc,4
456,high,vhigh,2,more,big,med,unacc,4
457,high,vhigh,2,more,big,high,unacc,4
458,high,vhigh,3,2,small,low,unacc,4
459,high,vhigh,3,2,small,med,unacc,4
460,high,vhigh,3,2,small,high,unacc,4
461,high,vhigh,3,2,med,low,unacc,4
462,high,vhigh,3,2,med,med,unacc,4
463,high,vhigh,3,2,med,high,unacc,4
464,high,vhigh,3,2,big,low,unacc,4
465,high,vhigh,3,2,big,med,unacc,4
466,high,vhigh,3,2,big,high,unacc,4
467,high,vhigh,3,4,small,low,unacc,4
468,high,vhigh,3,4,small,med,unacc,4
469,high,vhigh,3,4,small,high,unacc,4
470,high,vhigh,3,4,med,low,unacc,4
471,high,vhigh,3,4,med,med,unacc,4
472,high,vhigh,3,4,med,high,unacc,4
473,high,vhigh,3,4,big,low,unacc,4
474,high,vhigh,3,4,big,med,unacc,4
475,high,vhigh,3,4,big,high,unacc,4
476,high,vhigh,3,more,small,low,unacc,4
477,high,vhigh,3,more,small,med,unacc,4
478,high,vhigh,3,more,small,high,unacc,4
479,high,vhigh,3,more,med,low,unacc,4
480,high,vhigh,3,more,med,med,unacc,4
481,high,vhigh,3,more,med,high,unacc,4
482,high,vhigh,3,more,big,low,unacc,4
483,high,vhigh,3,more,big,med,unacc,4
484,high,vhigh,3,more,big,high,unacc,4
485,high,vhigh,4,2,small,low,unacc,4
486,high,vhigh,4,2,small,med,unacc,4
487,high,vhigh,4,2,small,high,unacc,4
488,high,vhigh,4,2,med,low,unacc,4
489,high,vhigh,4,2,med,med,unacc,4
490,high,vhigh,4,2,med,high,unacc,4
491,high,vhigh,4,2,big,low,unacc,4
492,high,vhigh,4,2,big,med,unacc,4
493,high,vhigh,4,2,big,high,unacc,4
494,high,vhigh,4,4,small,low,unacc,4
495,high,vhigh,4,4,small,med,unacc,4
496,high,vhigh,4,4,small,high,unacc,4
497,high,vhigh,4,4,med,low,unacc,4
498,high,vhigh,4,4,med,med,unacc,4
499,high,vhigh,4,4,med,high,unacc,4
500,high,vhigh,4,4,big,low,unacc,4
501,high,vhigh,4,4,big,med,unacc,4
502,high,vhigh,4,4,big,high,unacc,4
503,high,vhigh,4,more,small,low,unacc,4
504,high,vhigh,4,more,small,med,unacc,4
505,high,vhigh,4,more,small,high,unacc,4
506,high,vhigh,4,more,med,low,unacc,4
507,high,vhigh,4,more,med,med,unacc,4
508,high,vhigh,4,more,med,high,unacc,4
509,high,vhigh,4,more,big,low,unacc,4
510,high,vhigh,4,more,big,med,unacc,4
511,high,vhigh,4,more,big,high,unacc,4
512,high,vhigh,5more,2,small,low,unacc,4
513,high,vhigh,5more,2,small,med,unacc,4
514,high,vhigh,5more,2,small,high,unacc,4
515,high,vhigh,5more,2,med,low,unacc,4
516,high,vhigh,5more,2,med,med,unacc,4
517,high,vhigh,5more,2,med,high,unacc,4
518,high,vhigh,5more,2,big,low,unacc,4
519,high,vhigh,5more,2,big,med,unacc,4
520,high,vhigh,5more,2,big,high,unacc,4
521,high,vhigh,5more,4,small,low,unacc,4
522,high,vhigh,5more,4,small,med,unacc,4
523,high,vhigh,5more,4,small,high,unacc,4
524,high,vhigh,5more,4,med,low,unacc,4
525,high,vhigh,5more,4,med,med,unacc,4
526,high,vhigh,5more,4,med,high,unacc,4
527,high,vhigh,5more,4,big,low,unacc,4
528,high,vhigh,5more,4,big,med,unacc,4
529,high,vhigh,5more,4,big,high,unacc,4
530,high,vhigh,5more,more,small,low,unacc,4
531,high,vhigh,5more,more,small,med,unacc,4
532,high,vhigh,5more,more,small,high,unacc,4
533,high,vhigh,5more,more,med,low,unacc,4
534,high,vhigh,5more,more,med,med,unacc,4
535,high,vhigh,5more,more,med,high,unacc,4
536,high,vhigh,5more,more,big,low,unacc,4
537,high,vhigh,5more,more,big,med,unacc,4
538,high,vhigh,5more,more,big,high,unacc,4
539,high,high,2,2,small,low,unacc,3
540,high,high,2,2,small,med,unacc,3
541,high,high,2,2,small,high,unacc,3
542,high,high,2,2,med,low,unacc,3
543,high,high,2,2,med,med,unacc,3
544,high,high,2,2,med,high,unacc,3
545,high,high,2,2,big,low,unacc,3
546,high,high,2,2,big,med,unacc,3
547,high,high,2,2,big,high,unacc,3
548,high,high,2,4,small,low,unacc,3
549,high,high,2,4,small,med,unacc,3
550,high,high,2,4,small,high,acc,3
551,high,high,2,4,med,low,unacc,3
552,high,high,2,4,med,med,unacc,3
553,high,high,2,4,med,high,acc,3
554,high,high,2,4,big,low,unacc,3
555,high,high,2,4,big,med,acc,3
556,high,high,2,4,big,high,acc,3
557,high,high,2,more,small,low,unacc,3
558,high,high,2,more,small,med,unacc,3
559,high,high,2,more,small,high,unacc,3
560,high,high,2,more,med,low,unacc,3
561,high,high,2,more,med,med,unacc,3
562,high,high,2,more,med,high,acc,3
563,high,high,2,more,big,low,unacc,3
564,high,high,2,more,big,med,acc,3
565,high,high,2,more,big,high,acc,3
566,high,high,3,2,small,low,unacc,3
567,high,high,3,2,small,med,unacc,3
568,high,high,3,2,small,high,unacc,3
569,high,high,3,2,med,low,unacc,3
570,high,high,3,2,med,med,unacc,3
571,high,high,3,2,med,high,unacc,3
572,high,high,3,2,big,low,unacc,3
573,high,high,3,2,big,med,unacc,3
574,high,high,3,2,big,high,unacc,3
575,high,high,3,4,small,low,unacc,3
576,high,high,3,4,small,med,unacc,3
577,high,high,3,4,small,high,acc,3
578,high,high,3,4,med,low,unacc,3
579,high,high,3,4,med,med,unacc,3
580,high,high,3,4,med,high,acc,3
581,high,high,3,4,big,low,unacc,3
582,high,high,3,4,big,med,acc,3
583,high,high,3,4,big,high,acc,3
584,high,high,3,more,small,low,unacc,3
585,high,high,3,more,small,med,unacc,3
586,high,high,3,more,small,high,acc,3
587,high,high,3,more,med,low,unacc,3
588,high,high,3,more,med,med,acc,3
589,high,high,3,more,med,high,acc,3
590,high,high,3,more,big,low,unacc,3
591,high,high,3,more,big,med,acc,3
592,high,high,3,more,big,high,acc,3
593,high,high,4,2,small,low,unacc,3
594,high,high,4,2,small,med,unacc,3
595,high,high,4,2,small,high,unacc,3
596,high,high,4,2,med,low,unacc,3
597,high,high,4,2,med,med,unacc,3
598,high,high,4,2,med,high,unacc,3
599,high,high,4,2,big,low,unacc,3
600,high,high,4,2,big,med,unacc,3
601,high,high,4,2,big,high,unacc,3
602,high,high,4,4,small,low,unacc,3
603,high,high,4,4,small,med,unacc,3
604,high,high,4,4,small,high,acc,3
605,high,high,4,4,med,low,unacc,3
606,high,high,4,4,med,med,acc,3
607,high,high,4,4,med,high,acc,3
608,high,high,4,4,big,low,unacc,3
609,high,high,4,4,big,med,acc,3
610,high,high,4,4,big,high,acc,3
611,high,high,4,more,small,low,unacc,3
612,high,high,4,more,small,med,unacc,3
613,high,high,4,more,small,high,acc,3
614,high,high,4,more,med,low,unacc,3
615,high,high,4,more,med,med,acc,3
616,high,high,4,more,med,high,acc,3
617,high,high,4,more,big,low,unacc,3
618,high,high,4,more,big,med,acc,3
619,high,high,4,more,big,high,acc,3
620,high,high,5more,2,small,low,unacc,3
621,high,high,5more,2,small,med,unacc,3
622,high,high,5more,2,small,high,unacc,3
623,high,high,5more,2,med,low,unacc,3
624,high,high,5more,2,med,med,unacc,3
625,high,high,5more,2,med,high,unacc,3
626,high,high,5more,2,big,low,unacc,3
627,high,high,5more,2,big,med,unacc,3
628,high,high,5more,2,big,high,unacc,3
629,high,high,5more,4,small,low,unacc,3
630,high,high,5more,4,small,med,unacc,3
631,high,high,5more,4,small,high,acc,3
632,high,high,5more,4,med,low,unacc,3
633,high,high,5more,4,med,med,acc,3
634,high,high,5more,4,med,high,acc,3
635,high,high,5more,4,big,low,unacc,3
636,high,high,5more,4,big,med,acc,3
637,high,high,5more,4,big,high,acc,3
638,high,high,5more,more,small,low,unacc,3
639,high,high,5more,more,small,med,unacc,3
640,high,high,5more,more,small,high,acc,3
641,high,high,5more,more,med,low,unacc,3
642,high,high,5more,more,med,med,acc,3
643,high,high,5more,more,med,high,acc,3
644,high,high,5more,more,big,low,unacc,3
645,high,high,5more,more,big,med,acc,3
646,high,high,5more,more,big,high,acc,3
647,high,med,2,2,small,low,unacc,2
648,high,med,2,2,small,med,unacc,2
649,high,med,2,2,small,high,unacc,2
650,high,med,2,2,med,low,unacc,2
651,high,med,2,2,med,med,unacc,2
652,high,med,2,2,med,high,unacc,2
653,high,med,2,2,big,low,unacc,2
654,high,med,2,2,big,med,unacc,2
655,high,med,2,2,big,high,unacc,2
656,high,med,2,4,small,low,unacc,2
657,high,med,2,4,small,med,unacc,2
658,high,med,2,4,small,high,acc,2
659,high,med,2,4,med,low,unacc,2
660,high,med,2,4,med,med,unacc,2
661,high,med,2,4,med,high,acc,2
662,high,med,2,4,big,low,unacc,2
663,high,med,2,4,big,med,acc,2
664,high,med,2,4,big,high,acc,2
665,high,med,2,more,small,low,unacc,2
666,high,med,2,more,small,med,unacc,2
667,high,med,2,more,small,high,unacc,2
668,high,med,2,more,med,low,unacc,2
669,high,med,2,more,med,med,unacc,2
670,high,med,2,more,med,high,acc,2
671,high,med,2,more,big,low,unacc,2
672,high,med,2,more,big,med,acc,2
673,high,med,2,more,big,high,acc,2
674,high,med,3,2,small,low,unacc,2
675,high,med,3,2,small,med,unacc,2
676,high,med,3,2,small,high,unacc,2
677,high,med,3,2,med,low,unacc,2
678,high,med,3,2,med,med,unacc,2
679,high,med,3,2,med,high,unacc,2
680,high,med,3,2,big,low,unacc,2
681,high,med,3,2,big,med,unacc,2
682,high,med,3,2,big,high,unacc,2
683,high,med,3,4,small,low,unacc,2
684,high,med,3,4,small,med,unacc,2
685,high,med,3,4,small,high,acc,2
686,high,med,3,4,med,low,unacc,2
687,high,med,3,4,med,med,unacc,2
688,high,med,3,4,med,high,acc,2
689,high,med,3,4,big,low,unacc,2
690,high,med,3,4,big,med,acc,2
691,high,med,3,4,big,high,acc,2
692,high,med,3,more,small,low,unacc,2
693,high,med,3,more,small,med,unacc,2
694,high,med,3,more,small,high,acc,2
695,high,med,3,more,med,low,unacc,2
696,high,med,3,more,med,med,acc,2
697,high,med,3,more,med,high,acc,2
698,high,med,3,more,big,low,unacc,2
699,high,med,3,more,big,med,acc,2
700,high,med,3,more,big,high,acc,2
701,high,med,4,2,small,low,unacc,2
702,high,med,4,2,small,med,unacc,2
703,high,med,4,2,small,high,unacc,2
704,high,med,4,2,med,low,unacc,2
705,high,med,4,2,med,med,unacc,2
706,high,med,4,2,med,high,unacc,2
707,high,med,4,2,big,low,unacc,2
708,high,med,4,2,big,med,unacc,2
709,high,med,4,2,big,high,unacc,2
710,high,med,4,4,small,low,unacc,2
711,high,med,4,4,small,med,unacc,2
712,high,med,4,4,small,high,acc,2
713,high,med,4,4,med,low,unacc,2
714,high,med,4,4,med,med,acc,2
715,high,med,4,4,med,high,acc,2
716,high,med,4,4,big,low,unacc,2
717,high,med,4,4,big,med,acc,2
718,high,med,4,4,big,high,acc,2
719,high,med,4,more,small,low,unacc,2
720,high,med,4,more,small,med,unacc,2
721,high,med,4,more,small,high,acc,2
722,high,med,4,more,med,low,unacc,2
723,high,med,4,more,med,med,acc,2
724,high,med,4,more,med,high,acc,2
725,high,med,4,more,big,low,unacc,2
726,high,med,4,more,big,med,acc,2
727,high,med,4,more,big,high,acc,2
728,high,med,5more,2,small,low,unacc,2
729,high,med,5more,2,small,med,unacc,2
730,high,med,5more,2,small,high,unacc,2
731,high,med,5more,2,med,low,unacc,2
732,high,med,5more,2,med,med,unacc,2
733,high,med,5more,2,med,high,unacc,2
734,high,med,5more,2,big,low,unacc,2
735,high,med,5more,2,big,med,unacc,2
736,high,med,5more,2,big,high,unacc,2
737,high,med,5more,4,small,low,unacc,2
738,high,med,5more,4,small,med,unacc,2
739,high,med,5more,4,small,high,acc,2
740,high,med,5more,4,med,low,unacc,2
741,high,med,5more,4,med,med,acc,2
742,high,med,5more,4,med,high,acc,2
743,high,med,5more,4,big,low,unacc,2
744,high,med,5more,4,big,med,acc,2
745,high,med,5more,4,big,high,acc,2
746,high,med,5more,more,small,low,unacc,2
747,high,med,5more,more,small,med,unacc,2
748,high,med,5more,more,small,high,acc,2
749,high,med,5more,more,med,low,unacc,2
750,high,med,5more,more,med,med,acc,2
751,high,med,5more,more,med,high,acc,2
752,high,med,5more,more,big,low,unacc,2
753,high,med,5more,more,big,med,acc,2
754,high,med,5more,more,big,high,acc,2
755,high,low,2,2,small,low,unacc,1
756,high,low,2,2,small,med,unacc,1
757,high,low,2,2,small,high,unacc,1
758,high,low,2,2,med,low,unacc,1
759,high,low,2,2,med,med,unacc,1
760,high,low,2,2,med,high,unacc,1
761,high,low,2,2,big,low,unacc,1
762,high,low,2,2,big,med,unacc,1
763,high,low,2,2,big,high,unacc,1
764,high,low,2,4,small,low,unacc,1
765,high,low,2,4,small,med,unacc,1
766,high,low,2,4,small,high,acc,1
767,high,low,2,4,med,low,unacc,1
768,high,low,2,4,med,med,unacc,1
769,high,low,2,4,med,high,acc,1
770,high,low,2,4,big,low,unacc,1
771,high,low,2,4,big,med,acc,1
772,high,low,2,4,big,high,acc,1
773,high,low,2,more,small,low,unacc,1
774,high,low,2,more,small,med,unacc,1
775,high,low,2,more,small,high,unacc,1
776,high,low,2,more,med,low,unacc,1
777,high,low,2,more,med,med,unacc,1
778,high,low,2,more,med,high,acc,1
779,high,low,2,more,big,low,unacc,1
780,high,low,2,more,big,med,acc,1
781,high,low,2,more,big,high,acc,1
782,high,low,3,2,small,low,unacc,1
783,high,low,3,2,small,med,unacc,1
784,high,low,3,2,small,high,unacc,1
785,high,low,3,2,med,low,unacc,1
786,high,low,3,2,med,med,unacc,1
787,high,low,3,2,med,high,unacc,1
788,high,low,3,2,big,low,unacc,1
789,high,low,3,2,big,med,unacc,1
790,high,low,3,2,big,high,unacc,1
791,high,low,3,4,small,low,unacc,1
792,high,low,3,4,small,med,unacc,1
793,high,low,3,4,small,high,acc,1
794,high,low,3,4,med,low,unacc,1
795,high,low,3,4,med,med,unacc,1
796,high,low,3,4,med,high,acc,1
797,high,low,3,4,big,low,unacc,1
798,high,low,3,4,big,med,acc,1
799,high,low,3,4,big,high,acc,1
800,high,low,3,more,small,low,unacc,1
801,high,low,3,more,small,med,unacc,1
802,high,low,3,more,small,high,acc,1
803,high,low,3,more,med,low,unacc,1
804,high,low,3,more,med,med,acc,1
805,high,low,3,more,med,high,acc,1
806,high,low,3,more,big,low,unacc,1
807,high,low,3,more,big,med,acc,1
808,high,low,3,more,big,high,acc,1
809,high,low,4,2,small,low,unacc,1
810,high,low,4,2,small,med,unacc,1
811,high,low,4,2,small,high,unacc,1
812,high,low,4,2,med,low,unacc,1
813,high,low,4,2,med,med,unacc,1
814,high,low,4,2,med,high,unacc,1
815,high,low,4,2,big,low,unacc,1
816,high,low,4,2,big,med,unacc,1
817,high,low,4,2,big,high,unacc,1
818,high,low,4,4,small,low,unacc,1
819,high,low,4,4,small,med,unacc,1
820,high,low,4,4,small,high,acc,1
821,high,low,4,4,med,low,unacc,1
822,high,low,4,4,med,med,acc,1
823,high,low,4,4,med,high,acc,1
824,high,low,4,4,big,low,unacc,1
825,high,low,4,4,big,med,acc,1
826,high,low,4,4,big,high,acc,1
827,high,low,4,more,small,low,unacc,1
828,high,low,4,more,small,med,unacc,1
829,high,low,4,more,small,high,acc,1
830,high,low,4,more,med,low,unacc,1
831,high,low,4,more,med,med,acc,1
832,high,low,4,more,med,high,acc,1
833,high,low,4,more,big,low,unacc,1
834,high,low,4,more,big,med,acc,1
835,high,low,4,more,big,high,acc,1
836,high,low,5more,2,small,low,unacc,1
837,high,low,5more,2,small,med,unacc,1
838,high,low,5more,2,small,high,unacc,1
839,high,low,5more,2,med,low,unacc,1
840,high,low,5more,2,med,med,unacc,1
841,high,low,5more,2,med,high,unacc,1
842,high,low,5more,2,big,low,unacc,1
843,high,low,5more,2,big,med,unacc,1
844,high,low,5more,2,big,high,unacc,1
845,high,low,5more,4,small,low,unacc,1
846,high,low,5more,4,small,med,unacc,1
847,high,low,5more,4,small,high,acc,1
848,high,low,5more,4,med,low,unacc,1
849,high,low,5more,4,med,med,acc,1
850,high,low,5more,4,med,high,acc,1
851,high,low,5more,4,big,low,unacc,1
852,high,low,5more,4,big,med,acc,1
853,high,low,5more,4,big,high,acc,1
854,high,low,5more,more,small,low,unacc,1
855,high,low,5more,more,small,med,unacc,1
856,high,low,5more,more,small,high,acc,1
857,high,low,5more,more,med,low,unacc,1
858,high,low,5more,more,med,med,acc,1
859,high,low,5more,more,med,high,acc,1
860,high,low,5more,more,big,low,unacc,1
861,high,low,5more,more,big,med,acc,1
862,high,low,5more,more,big,high,acc,1
863,med,vhigh,2,2,small,low,unacc,4
864,med,vhigh,2,2,small,med,unacc,4
865,med,vhigh,2,2,small,high,unacc,4
866,med,vhigh,2,2,med,low,unacc,4
867,med,vhigh,2,2,med,med,unacc,4
868,med,vhigh,2,2,med,high,unacc,4
869,med,vhigh,2,2,big,low,unacc,4
870,med,vhigh,2,2,big,med,unacc,4
871,med,vhigh,2,2,big,high,unacc,4
872,med,vhigh,2,4,small,low,unacc,4
873,med,vhigh,2,4,small,med,unacc,4
874,med,vhigh,2,4,small,high,acc,4
875,med,vhigh,2,4,med,low,unacc,4
876,med,vhigh,2,4,med,med,unacc,4
877,med,vhigh,2,4,med,high,acc,4
878,med,vhigh,2,4,big,low,unacc,4
879,med,vhigh,2,4,big,med,acc,4
880,med,vhigh,2,4,big,high,acc,4
881,med,vhigh,2,more,small,low,unacc,4
882,med,vhigh,2,more,small,med,unacc,4
883,med,vhigh,2,more,small,high,unacc,4
884,med,vhigh,2,more,med,low,unacc,4
885,med,vhigh,2,more,med,med,unacc,4
886,med,vhigh,2,more,med,high,acc,4
887,med,vhigh,2,more,big,low,unacc,4
888,med,vhigh,2,more,big,med,acc,4
889,med,vhigh,2,more,big,high,acc,4
890,med,vhigh,3,2,small,low,unacc,4
891,med,vhigh,3,2,small,med,unacc,4
892,med,vhigh,3,2,small,high,unacc,4
893,med,vhigh,3,2,med,low,unacc,4
894,med,vhigh,3,2,med,med,unacc,4
895,med,vhigh,3,2,med,high,unacc,4
896,med,vhigh,3,2,big,low,unacc,4
897,med,vhigh,3,2,big,med,unacc,4
898,med,vhigh,3,2,big,high,unacc,4
899,med,vhigh,3,4,small,low,unacc,4
900,med,vhigh,3,4,small,med,unacc,4
901,med,vhigh,3,4,small,high,acc,4
902,med,vhigh,3,4,med,low,unacc,4
903,med,vhigh,3,4,med,med,unacc,4
904,med,vhigh,3,4,med,high,acc,4
905,med,vhigh,3,4,big,low,unacc,4
906,med,vhigh,3,4,big,med,acc,4
907,med,vhigh,3,4,big,high,acc,4
908,med,vhigh,3,more,small,low,unacc,4
909,med,vhigh,3,more,small,med,unacc,4
910,med,vhigh,3,more,small,high,acc,4
911,med,vhigh,3,more,med,low,unacc,4
912,med,vhigh,3,more,med,med,acc,4
913,med,vhigh,3,more,med,high,acc,4
914,med,vhigh,3,more,big,low,unacc,4
915,med,vhigh,3,more,big,med,acc,4
916,med,vhigh,3,more,big,high,acc,4
917,med,vhigh,4,2,small,low,unacc,4
918,med,vhigh,4,2,small,med,unacc,4
919,med,vhigh,4,2,small,high,unacc,4
920,med,vhigh,4,2,med,low,unacc,4
921,med,vhigh,4,2,med,med,unacc,4
922,med,vhigh,4,2,med,high,unacc,4
923,med,vhigh,4,2,big,low,unacc,4
924,med,vhigh,4,2,big,med,unacc,4
925,med,vhigh,4,2,big,high,unacc,4
926,med,vhigh,4,4,small,low,unacc,4
927,med,vhigh,4,4,small,med,unacc,4
928,med,vhigh,4,4,small,high,acc,4
929,med,vhigh,4,4,med,low,unacc,4
930,med,vhigh,4,4,med,med,acc,4
931,med,vhigh,4,4,med,high,acc,4
932,med,vhigh,4,4,big,low,unacc,4
933,med,vhigh,4,4,big,med,acc,4
934,med,vhigh,4,4,big,high,acc,4
935,med,vhigh,4,more,small,low,unacc,4
936,med,vhigh,4,more,small,med,unacc,4
937,med,vhigh,4,more,small,high,acc,4
938,med,vhigh,4,more,med,low,unacc,4
939,med,vhigh,4,more,med,med,acc,4
940,med,vhigh,4,more,med,high,acc,4
941,med,vhigh,4,more,big,low,unacc,4
942,med,vhigh,4,more,big,med,acc,4
943,med,vhigh,4,more,big,high,acc,4
944,med,vhigh,5more,2,small,low,unacc,4
945,med,vhigh,5more,2,small,med,unacc,4
946,med,vhigh,5more,2,small,high,unacc,4
947,med,vhigh,5more,2,med,low,unacc,4
948,med,vhigh,5more,2,med,med,unacc,4
949,med,vhigh,5more,2,med,high,unacc,4
950,med,vhigh,5more,2,big,low,unacc,4
951,med,vhigh,5more,2,big,med,unacc,4
952,med,vhigh,5more,2,big,high,unacc,4
953,med,vhigh,5more,4,small,low,unacc,4
954,med,vhigh,5more,4,small,med,unacc,4
955,med,vhigh,5more,4,small,high,acc,4
956,med,vhigh,5more,4,med,low,unacc,4
957,med,vhigh,5more,4,med,med,acc,4
958,med,vhigh,5more,4,med,high,acc,4
959,med,vhigh,5more,4,big,low,unacc,4
960,med,vhigh,5more,4,big,med,acc,4
961,med,vhigh,5more,4,big,high,acc,4
962,med,vhigh,5more,more,small,low,unacc,4
963,med,vhigh,5more,more,small,med,unacc,4
964,med,vhigh,5more,more,small,high,acc,4
965,med,vhigh,5more,more,med,low,unacc,4
966,med,vhigh,5more,more,med,med,acc,4
967,med,vhigh,5more,more,med,high,acc,4
968,med,vhigh,5more,more,big,low,unacc,4
969,med,vhigh,5more,more,big,med,acc,4
970,med,vhigh,5more,more,big,high,acc,4
971,med,high,2,2,small,low,unacc,3
972,med,high,2,2,small,med,unacc,3
973,med,high,2,2,small,high,unacc,3
974,med,high,2,2,med,low,unacc,3
975,med,high,2,2,med,med,unacc,3
976,med,high,2,2,med,high,unacc,3
977,med,high,2,2,big,low,unacc,3
978,med,high,2,2,big,med,unacc,3
979,med,high,2,2,big,high,unacc,3
980,med,high,2,4,small,low,unacc,3
981,med,high,2,4,small,med,unacc,3
982,med,high,2,4,small,high,acc,3
983,med,high,2,4,med,low,unacc,3
984,med,high,2,4,med,med,unacc,3
985,med,high,2,4,med,high,acc,3
986,med,high,2,4,big,low,unacc,3
987,med,high,2,4,big,med,acc,3
988,med,high,2,4,big,high,acc,3
989,med,high,2,more,small,low,unacc,3
990,med,high,2,more,small,med,unacc,3
991,med,high,2,more,small,high,unacc,3
992,med,high,2,more,med,low,unacc,3
993,med,high,2,more,med,med,unacc,3
994,med,high,2,more,med,high,acc,3
995,med,high,2,more,big,low,unacc,3
996,med,high,2,more,big,med,acc,3
997,med,high,2,more,big,high,acc,3
998,med,high,3,2,small,low,unacc,3
999,med,high,3,2,small,med,unacc,3
1000,med,high,3,2,small,high,unacc,3
1001,med,high,3,2,med,low,unacc,3
1002,med,high,3,2,med,med,unacc,3
1003,med,high,3,2,med,high,unacc,3
1004,med,high,3,2,big,low,unacc,3
1005,med,high,3,2,big,med,unacc,3
1006,med,high,3,2,big,high,unacc,3
1007,med,high,3,4,small,low,unacc,3
1008,med,high,3,4,small,med,unacc,3
1009,med,high,3,4,small,high,acc,3
1010,med,high,3,4,med,low,unacc,3
1011,med,high,3,4,med,med,unacc,3
1012,med,high,3,4,med,high,acc,3
1013,med,high,3,4,big,low,unacc,3
1014,med,high,3,4,big,med,acc,3
1015,med,high,3,4,big,high,acc,3
1016,med,high,3,more,small,low,unacc,3
1017,med,high,3,more,small,med,unacc,3
1018,med,high,3,more,small,high,acc,3
1019,med,high,3,more,med,low,unacc,3
1020,med,high,3,more,med,med,acc,3
1021,med,high,3,more,med,high,acc,3
1022,med,high,3,more,big,low,unacc,3
1023,med,high,3,more,big,med,acc,3
1024,med,high,3,more,big,high,acc,3
1025,med,high,4,2,small,low,unacc,3
1026,med,high,4,2,small,med,unacc,3
1027,med,high,4,2,small,high,unacc,3
1028,med,high,4,2,med,low,unacc,3
1029,med,high,4,2,med,med,unacc,3
1030,med,high,4,2,med,high,unacc,3
1031,med,high,4,2,big,low,unacc,3
1032,med,high,4,2,big,med,unacc,3
1033,med,high,4,2,big,high,unacc,3
1034,med,high,4,4,small,low,unacc,3
1035,med,high,4,4,small,med,unacc,3
1036,med,high,4,4,small,high,acc,3
1037,med,high,4,4,med,low,unacc,3
1038,med,high,4,4,med,med,acc,3
1039,med,high,4,4,med,high,acc,3
1040,med,high,4,4,big,low,unacc,3
1041,med,high,4,4,big,med,acc,3
1042,med,high,4,4,big,high,acc,3
1043,med,high,4,more,small,low,unacc,3
1044,med,high,4,more,small,med,unacc,3
1045,med,high,4,more,small,high,acc,3
1046,med,high,4,more,med,low,unacc,3
1047,med,high,4,more,med,med,acc,3
1048,med,high,4,more,med,high,acc,3
1049,med,high,4,more,big,low,unacc,3
1050,med,high,4,more,big,med,acc,3
1051,med,high,4,more,big,high,acc,3
1052,med,high,5more,2,small,low,unacc,3
1053,med,high,5more,2,small,med,unacc,3
1054,med,high,5more,2,small,high,unacc,3
1055,med,high,5more,2,med,low,unacc,3
1056,med,high,5more,2,med,med,unacc,3
1057,med,high,5more,2,med,high,unacc,3
1058,med,high,5more,2,big,low,unacc,3
1059,med,high,5more,2,big,med,unacc,3
1060,med,high,5more,2,big,high,unacc,3
1061,med,high,5more,4,small,low,unacc,3
1062,med,high,5more,4,small,med,unacc,3
1063,med,high,5more,4,small,high,acc,3
1064,med,high,5more,4,med,low,unacc,3
1065,med,high,5more,4,med,med,acc,3
1066,med,high,5more,4,med,high,acc,3
1067,med,high,5more,4,big,low,unacc,3
1068,med,high,5more,4,big,med,acc,3
1069,med,high,5more,4,big,high,acc,3
1070,med,high,5more,more,small,low,unacc,3
1071,med,high,5more,more,small,med,unacc,3
1072,med,high,5more,more,small,high,acc,3
1073,med,high,5more,more,med,low,unacc,3
1074,med,high,5more,more,med,med,acc,3
1075,med,high,5more,more,med,high,acc,3
1076,med,high,5more,more,big,low,unacc,3
1077,med,high,5more,more,big,med,acc,3
1078,med,high,5more,more,big,high,acc,3
1079,med,med,2,2,small,low,unacc,2
1080,med,med,2,2,small,med,unacc,2
1081,med,med,2,2,small,high,unacc,2
1082,med,med,2,2,med,low,unacc,2
1083,med,med,2,2,med,med,unacc,2
1084,med,med,2,2,med,high,unacc,2
1085,med,med,2,2,big,low,unacc,2
1086,med,med,2,2,big,med,unacc,2
1087,med,med,2,2,big,high,unacc,2
1088,med,med,2,4,small,low,unacc,2
1089,med,med,2,4,small,med,acc,2
1090,med,med,2,4,small,high,acc,2
1091,med,med,2,4,med,low,unacc,2
1092,med,med,2,4,med,med,acc,2
1093,med,med,2,4,med,high,acc,2
1094,med,med,2,4,big,low,unacc,2
1095,med,med,2,4,big,med,acc,2
1096,med,med,2,4,big,high,vgood,2
1097,med,med,2,more,small,low,unacc,2
1098,med,med,2,more,small,med,unacc,2
1099,med,med,2,more,small,high,unacc,2
1100,med,med,2,more,med,low,unacc,2
1101,med,med,2,more,med,med,acc,2
1102,med,med,2,more,med,high,acc,2
1103,med,med,2,more,big,low,unacc,2
1104,med,med,2,more,big,med,acc,2
1105,med,med,2,more,big,high,vgood,2
1106,med,med,3,2,small,low,unacc,2
1107,med,med,3,2,small,med,unacc,2
1108,med,med,3,2,small,high,unacc,2
1109,med,med,3,2,med,low,unacc,2
1110,med,med,3,2,med,med,unacc,2
1111,med,med,3,2,med,high,unacc,2
1112,med,med,3,2,big,low,unacc,2
1113,med,med,3,2,big,med,unacc,2
1114,med,med,3,2,big,high,unacc,2
1115,med,med,3,4,small,low,unacc,2
1116,med,med,3,4,small,med,acc,2
1117,med,med,3,4,small,high,acc,2
1118,med,med,3,4,med,low,unacc,2
1119,med,med,3,4,med,med,acc,2
1120,med,med,3,4,med,high,acc,2
1121,med,med,3,4,big,low,unacc,2
1122,med,med,3,4,big,med,acc,2
1123,med,med,3,4,big,high,vgood,2
1124,med,med,3,more,small,low,unacc,2
1125,med,med,3,more,small,med,acc,2
1126,med,med,3,more,small,high,acc,2
1127,med,med,3,more,med,low,unacc,2
1128,med,med,3,more,med,med,acc,2
1129,med,med,3,more,med,high,vgood,2
1130,med,med,3,more,big,low,unacc,2
1131,med,med,3,more,big,med,acc,2
1132,med,med,3,more,big,high,vgood,2
1133,med,med,4,2,small,low,unacc,2
1134,med,med,4,2,small,med,unacc,2
1135,med,med,4,2,small,high,unacc,2
1136,med,med,4,2,med,low,unacc,2
1137,med,med,4,2,med,med,unacc,2
1138,med,med,4,2,med,high,unacc,2
1139,med,med,4,2,big,low,unacc,2
1140,med,med,4,2,big,med,unacc,2
1141,med,med,4,2,big,high,unacc,2
1142,med,med,4,4,small,low,unacc,2
1143,med,med,4,4,small,med,acc,2
1144,med,med,4,4,small,high,acc,2
1145,med,med,4,4,med,low,unacc,2
1146,med,med,4,4,med,med,acc,2
1147,med,med,4,4,med,high,vgood,2
1148,med,med,4,4,big,low,unacc,2
1149,med,med,4,4,big,med,acc,2
1150,med,med,4,4,big,high,vgood,2
1151,med,med,4,more,small,low,unacc,2
1152,med,med,4,more,small,med,acc,2
1153,med,med,4,more,small,high,acc,2
1154,med,med,4,more,med,low,unacc,2
1155,med,med,4,more,med,med,acc,2
1156,med,med,4,more,med,high,vgood,2
1157,med,med,4,more,big,low,unacc,2
1158,med,med,4,more,big,med,acc,2
1159,med,med,4,more,big,high,vgood,2
1160,med,med,5more,2,small,low,unacc,2
1161,med,med,5more,2,small,med,unacc,2
1162,med,med,5more,2,small,high,unacc,2
1163,med,med,5more,2,med,low,unacc,2
1164,med,med,5more,2,med,med,unacc,2
1165,med,med,5more,2,med,high,unacc,2
1166,med,med,5more,2,big,low,unacc,2
1167,med,med,5more,2,big,med,unacc,2
1168,med,med,5more,2,big,high,unacc,2
1169,med,med,5more,4,small,low,unacc,2
1170,med,med,5more,4,small,med,acc,2
1171,med,med,5more,4,small,high,acc,2
1172,med,med,5more,4,med,low,unacc,2
1173,med,med,5more,4,med,med,acc,2
1174,med,med,5more,4,med,high,vgood,2
1175,med,med,5more,4,big,low,unacc,2
1176,med,med,5more,4,big,med,acc,2
1177,med,med,5more,4,big,high,vgood,2
1178,med,med,5more,more,small,low,unacc,2
1179,med,med,5more,more,small,med,acc,2
1180,med,med,5more,more,small,high,acc,2
1181,med,med,5more,more,med,low,unacc,2
1182,med,med,5more,more,med,med,acc,2
1183,med,med,5more,more,med,high,vgood,2
1184,med,med,5more,more,big,low,unacc,2
1185,med,med,5more,more,big,med,acc,2
1186,med,med,5more,more,big,high,vgood,2
1187,med,low,2,2,small,low,unacc,1
1188,med,low,2,2,small,med,unacc,1
1189,med,low,2,2,small,high,unacc,1
1190,med,low,2,2,med,low,unacc,1
1191,med,low,2,2,med,med,unacc,1
1192,med,low,2,2,med,high,unacc,1
1193,med,low,2,2,big,low,unacc,1
1194,med,low,2,2,big,med,unacc,1
1195,med,low,2,2,big,high,unacc,1
1196,med,low,2,4,small,low,unacc,1
1197,med,low,2,4,small,med,acc,1
1198,med,low,2,4,small,high,good,1
1199,med,low,2,4,med,low,unacc,1
1200,med,low,2,4,med,med,acc,1
1201,med,low,2,4,med,high,good,1
1202,med,low,2,4,big,low,unacc,1
1203,med,low,2,4,big,med,good,1
1204,med,low,2,4,big,high,vgood,1
1205,med,low,2,more,small,low,unacc,1
1206,med,low,2,more,small,med,unacc,1
1207,med,low,2,more,small,high,unacc,1
1208,med,low,2,more,med,low,unacc,1
1209,med,low,2,more,med,med,acc,1
1210,med,low,2,more,med,high,good,1
1211,med,low,2,more,big,low,unacc,1
1212,med,low,2,more,big,med,good,1
1213,med,low,2,more,big,high,vgood,1
1214,med,low,3,2,small,low,unacc,1
1215,med,low,3,2,small,med,unacc,1
1216,med,low,3,2,small,high,unacc,1
1217,med,low,3,2,med,low,unacc,1
1218,med,low,3,2,med,med,unacc,1
1219,med,low,3,2,med,high,unacc,1
1220,med,low,3,2,big,low,unacc,1
1221,med,low,3,2,big,med,unacc,1
1222,med,low,3,2,big,high,unacc,1
1223,med,low,3,4,small,low,unacc,1
1224,med,low,3,4,small,med,acc,1
1225,med,low,3,4,small,high,good,1
1226,med,low,3,4,med,low,unacc,1
1227,med,low,3,4,med,med,acc,1
1228,med,low,3,4,med,high,good,1
1229,med,low,3,4,big,low,unacc,1
1230,med,low,3,4,big,med,good,1
1231,med,low,3,4,big,high,vgood,1
1232,med,low,3,more,small,low,unacc,1
1233,med,low,3,more,small,med,acc,1
1234,med,low,3,more,small,high,good,1
1235,med,low,3,more,med,low,unacc,1
1236,med,low,3,more,med,med,good,1
1237,med,low,3,more,med,high,vgood,1
1238,med,low,3,more,big,low,unacc,1
1239,med,low,3,more,big,med,good,1
1240,med,low,3,more,big,high,vgood,1
1241,med,low,4,2,small,low,unacc,1
1242,med,low,4,2,small,med,unacc,1
1243,med,low,4,2,small,high,unacc,1
1244,med,low,4,2,med,low,unacc,1
1245,med,low,4,2,med,med,unacc,1
1246,med,low,4,2,med,high,unacc,1
1247,med,low,4,2,big,low,unacc,1
1248,med,low,4,2,big,med,unacc,1
1249,med,low,4,2,big,high,unacc,1
1250,med,low,4,4,small,low,unacc,1
1251,med,low,4,4,small,med,acc,1
1252,med,low,4,4,small,high,good,1
1253,med,low,4,4,med,low,unacc,1
1254,med,low,4,4,med,med,good,1
1255,med,low,4,4,med,high,vgood,1
1256,med,low,4,4,big,low,unacc,1
1257,med,low,4,4,big,med,good,1
1258,med,low,4,4,big,high,vgood,1
1259,med,low,4,more,small,low,unacc,1
1260,med,low,4,more,small,med,acc,1
1261,med,low,4,more,small,high,good,1
1262,med,low,4,more,med,low,unacc,1
1263,med,low,4,more,med,med,good,1
1264,med,low,4,more,med,high,vgood,1
1265,med,low,4,more,big,low,unacc,1
1266,med,low,4,more,big,med,good,1
1267,med,low,4,more,big,high,vgood,1
1268,med,low,5more,2,small,low,unacc,1
1269,med,low,5more,2,small,med,unacc,1
1270,med,low,5more,2,small,high,unacc,1
1271,med,low,5more,2,med,low,unacc,1
1272,med,low,5more,2,med,med,unacc,1
1273,med,low,5more,2,med,high,unacc,1
1274,med,low,5more,2,big,low,unacc,1
1275,med,low,5more,2,big,med,unacc,1
1276,med,low,5more,2,big,high,unacc,1
1277,med,low,5more,4,small,low,unacc,1
1278,med,low,5more,4,small,med,acc,1
1279,med,low,5more,4,small,high,good,1
1280,med,low,5more,4,med,low,unacc,1
1281,med,low,5more,4,med,med,good,1
1282,med,low,5more,4,med,high,vgood,1
1283,med,low,5more,4,big,low,unacc,1
1284,med,low,5more,4,big,med,good,1
1285,med,low,5more,4,big,high,vgood,1
1286,med,low,5more,more,small,low,unacc,1
1287,med,low,5more,more,small,med,acc,1
1288,med,low,5more,more,small,high,good,1
1289,med,low,5more,more,med,low,unacc,1
1290,med,low,5more,more,med,med,good,1
1291,med,low,5more,more,med,high,vgood,1
1292,med,low,5more,more,big,low,unacc,1
1293,med,low,5more,more,big,med,good,1
1294,med,low,5more,more,big,high,vgood,1
1295,low,vhigh,2,2,small,low,unacc,4
1296,low,vhigh,2,2,small,med,unacc,4
1297,low,vhigh,2,2,small,high,unacc,4
1298,low,vhigh,2,2,med,low,unacc,4
1299,low,vhigh,2,2,med,med,unacc,4
1300,low,vhigh,2,2,med,high,unacc,4
1301,low,vhigh,2,2,big,low,unacc,4
1302,low,vhigh,2,2,big,med,unacc,4
1303,low,vhigh,2,2,big,high,unacc,4
1304,low,vhigh,2,4,small,low,unacc,4
1305,low,vhigh,2,4,small,med,unacc,4
1306,low,vhigh,2,4,small,high,acc,4
1307,low,vhigh,2,4,med,low,unacc,4
1308,low,vhigh,2,4,med,med,unacc,4
1309,low,vhigh,2,4,med,high,acc,4
1310,low,vhigh,2,4,big,low,unacc,4
1311,low,vhigh,2,4,big,med,acc,4
1312,low,vhigh,2,4,big,high,acc,4
1313,low,vhigh,2,more,small,low,unacc,4
1314,low,vhigh,2,more,small,med,unacc,4
1315,low,vhigh,2,more,small,high,unacc,4
1316,low,vhigh,2,more,med,low,unacc,4
1317,low,vhigh,2,more,med,med,unacc,4
1318,low,vhigh,2,more,med,high,acc,4
1319,low,vhigh,2,more,big,low,unacc,4
1320,low,vhigh,2,more,big,med,acc,4
1321,low,vhigh,2,more,big,high,acc,4
1322,low,vhigh,3,2,small,low,unacc,4
1323,low,vhigh,3,2,small,med,unacc,4
1324,low,vhigh,3,2,small,high,unacc,4
1325,low,vhigh,3,2,med,low,unacc,4
1326,low,vhigh,3,2,med,med,unacc,4
1327,low,vhigh,3,2,med,high,unacc,4
1328,low,vhigh,3,2,big,low,unacc,4
1329,low,vhigh,3,2,big,med,unacc,4
1330,low,vhigh,3,2,big,high,unacc,4
1331,low,vhigh,3,4,small,low,unacc,4
1332,low,vhigh,3,4,small,med,unacc,4
1333,low,vhigh,3,4,small,high,acc,4
1334,low,vhigh,3,4,med,low,unacc,4
1335,low,vhigh,3,4,med,med,unacc,4
1336,low,vhigh,3,4,med,high,acc,4
1337,low,vhigh,3,4,big,low,unacc,4
1338,low,vhigh,3,4,big,med,acc,4
1339,low,vhigh,3,4,big,high,acc,4
1340,low,vhigh,3,more,small,low,unacc,4
1341,low,vhigh,3,more,small,med,unacc,4
1342,low,vhigh,3,more,small,high,acc,4
1343,low,vhigh,3,more,med,low,unacc,4
1344,low,vhigh,3,more,med,med,acc,4
1345,low,vhigh,3,more,med,high,acc,4
1346,low,vhigh,3,more,big,low,unacc,4
1347,low,vhigh,3,more,big,med,acc,4
1348,low,vhigh,3,more,big,high,acc,4
1349,low,vhigh,4,2,small,low,unacc,4
1350,low,vhigh,4,2,small,med,unacc,4
1351,low,vhigh,4,2,small,high,unacc,4
1352,low,vhigh,4,2,med,low,unacc,4
1353,low,vhigh,4,2,med,med,unacc,4
1354,low,vhigh,4,2,med,high,unacc,4
1355,low,vhigh,4,2,big,low,unacc,4
1356,low,vhigh,4,2,big,med,unacc,4
1357,low,vhigh,4,2,big,high,unacc,4
1358,low,vhigh,4,4,small,low,unacc,4
1359,low,vhigh,4,4,small,med,unacc,4
1360,low,vhigh,4,4,small,high,acc,4
1361,low,vhigh,4,4,med,low,unacc,4
1362,low,vhigh,4,4,med,med,acc,4
1363,low,vhigh,4,4,med,high,acc,4
1364,low,vhigh,4,4,big,low,unacc,4
1365,low,vhigh,4,4,big,med,acc,4
1366,low,vhigh,4,4,big,high,acc,4
1367,low,vhigh,4,more,small,low,unacc,4
1368,low,vhigh,4,more,small,med,unacc,4
1369,low,vhigh,4,more,small,high,acc,4
1370,low,vhigh,4,more,med,low,unacc,4
1371,low,vhigh,4,more,med,med,acc,4
1372,low,vhigh,4,more,med,high,acc,4
1373,low,vhigh,4,more,big,low,unacc,4
1374,low,vhigh,4,more,big,med,acc,4
1375,low,vhigh,4,more,big,high,acc,4
1376,low,vhigh,5more,2,small,low,unacc,4
1377,low,vhigh,5more,2,small,med,unacc,4
1378,low,vhigh,5more,2,small,high,unacc,4
1379,low,vhigh,5more,2,med,low,unacc,4
1380,low,vhigh,5more,2,med,med,unacc,4
1381,low,vhigh,5more,2,med,high,unacc,4
1382,low,vhigh,5more,2,big,low,unacc,4
1383,low,vhigh,5more,2,big,med,unacc,4
1384,low,vhigh,5more,2,big,high,unacc,4
1385,low,vhigh,5more,4,small,low,unacc,4
1386,low,vhigh,5more,4,small,med,unacc,4
1387,low,vhigh,5more,4,small,high,acc,4
1388,low,vhigh,5more,4,med,low,unacc,4
1389,low,vhigh,5more,4,med,med,acc,4
1390,low,vhigh,5more,4,med,high,acc,4
1391,low,vhigh,5more,4,big,low,unacc,4
1392,low,vhigh,5more,4,big,med,acc,4
1393,low,vhigh,5more,4,big,high,acc,4
1394,low,vhigh,5more,more,small,low,unacc,4
1395,low,vhigh,5more,more,small,med,unacc,4
1396,low,vhigh,5more,more,small,high,acc,4
1397,low,vhigh,5more,more,med,low,unacc,4
1398,low,vhigh,5more,more,med,med,acc,4
1399,low,vhigh,5more,more,med,high,acc,4
1400,low,vhigh,5more,more,big,low,unacc,4
1401,low,vhigh,5more,more,big,med,acc,4
1402,low,vhigh,5more,more,big,high,acc,4
1403,low,high,2,2,small,low,unacc,3
1404,low,high,2,2,small,med,unacc,3
1405,low,high,2,2,small,high,unacc,3
1406,low,high,2,2,med,low,unacc,3
1407,low,high,2,2,med,med,unacc,3
1408,low,high,2,2,med,high,unacc,3
1409,low,high,2,2,big,low,unacc,3
1410,low,high,2,2,big,med,unacc,3
1411,low,high,2,2,big,high,unacc,3
1412,low,high,2,4,small,low,unacc,3
1413,low,high,2,4,small,med,acc,3
1414,low,high,2,4,small,high,acc,3
1415,low,high,2,4,med,low,unacc,3
1416,low,high,2,4,med,med,acc,3
1417,low,high,2,4,med,high,acc,3
1418,low,high,2,4,big,low,unacc,3
1419,low,high,2,4,big,med,acc,3
1420,low,high,2,4,big,high,vgood,3
1421,low,high,2,more,small,low,unacc,3
1422,low,high,2,more,small,med,unacc,3
1423,low,high,2,more,small,high,unacc,3
1424,low,high,2,more,med,low,unacc,3
1425,low,high,2,more,med,med,acc,3
1426,low,high,2,more,med,high,acc,3
1427,low,high,2,more,big,low,unacc,3
1428,low,high,2,more,big,med,acc,3
1429,low,high,2,more,big,high,vgood,3
1430,low,high,3,2,small,low,unacc,3
1431,low,high,3,2,small,med,unacc,3
1432,low,high,3,2,small,high,unacc,3
1433,low,high,3,2,med,low,unacc,3
1434,low,high,3,2,med,med,unacc,3
1435,low,high,3,2,med,high,unacc,3
1436,low,high,3,2,big,low,unacc,3
1437,low,high,3,2,big,med,unacc,3
1438,low,high,3,2,big,high,unacc,3
1439,low,high,3,4,small,low,unacc,3
1440,low,high,3,4,small,med,acc,3
1441,low,high,3,4,small,high,acc,3
1442,low,high,3,4,med,low,unacc,3
1443,low,high,3,4,med,med,acc,3
1444,low,high,3,4,med,high,acc,3
1445,low,high,3,4,big,low,unacc,3
1446,low,high,3,4,big,med,acc,3
1447,low,high,3,4,big,high,vgood,3
1448,low,high,3,more,small,low,unacc,3
1449,low,high,3,more,small,med,acc,3
1450,low,high,3,more,small,high,acc,3
1451,low,high,3,more,med,low,unacc,3
1452,low,high,3,more,med,med,acc,3
1453,low,high,3,more,med,high,vgood,3
1454,low,high,3,more,big,low,unacc,3
1455,low,high,3,more,big,med,acc,3
1456,low,high,3,more,big,high,vgood,3
1457,low,high,4,2,small,low,unacc,3
1458,low,high,4,2,small,med,unacc,3
1459,low,high,4,2,small,high,unacc,3
1460,low,high,4,2,med,low,unacc,3
1461,low,high,4,2,med,med,unacc,3
1462,low,high,4,2,med,high,unacc,3
1463,low,high,4,2,big,low,unacc,3
1464,low,high,4,2,big,med,unacc,3
1465,low,high,4,2,big,high,unacc,3
1466,low,high,4,4,small,low,unacc,3
1467,low,high,4,4,small,med,acc,3
1468,low,high,4,4,small,high,acc,3
1469,low,high,4,4,med,low,unacc,3
1470,low,high,4,4,med,med,acc,3
1471,low,high,4,4,med,high,vgood,3
1472,low,high,4,4,big,low,unacc,3
1473,low,high,4,4,big,med,acc,3
1474,low,high,4,4,big,high,vgood,3
1475,low,high,4,more,small,low,unacc,3
1476,low,high,4,more,small,med,acc,3
1477,low,high,4,more,small,high,acc,3
1478,low,high,4,more,med,low,unacc,3
1479,low,high,4,more,med,med,acc,3
1480,low,high,4,more,med,high,vgood,3
1481,low,high,4,more,big,low,unacc,3
1482,low,high,4,more,big,med,acc,3
1483,low,high,4,more,big,high,vgood,3
1484,low,high,5more,2,small,low,unacc,3
1485,low,high,5more,2,small,med,unacc,3
1486,low,high,5more,2,small,high,unacc,3
1487,low,high,5more,2,med,low,unacc,3
1488,low,high,5more,2,med,med,unacc,3
1489,low,high,5more,2,med,high,unacc,3
1490,low,high,5more,2,big,low,unacc,3
1491,low,high,5more,2,big,med,unacc,3
1492,low,high,5more,2,big,high,unacc,3
1493,low,high,5more,4,small,low,unacc,3
1494,low,high,5more,4,small,med,acc,3
1495,low,high,5more,4,small,high,acc,3
1496,low,high,5more,4,med,low,unacc,3
1497,low,high,5more,4,med,med,acc,3
1498,low,high,5more,4,med,high,vgood,3
1499,low,high,5more,4,big,low,unacc,3
1500,low,high,5more,4,big,med,acc,3
1501,low,high,5more,4,big,high,vgood,3
1502,low,high,5more,more,small,low,unacc,3
1503,low,high,5more,more,small,med,acc,3
1504,low,high,5more,more,small,high,acc,3
1505,low,high,5more,more,med,low,unacc,3
1506,low,high,5more,more,med,med,acc,3
1507,low,high,5more,more,med,high,vgood,3
1508,low,high,5more,more,big,low,unacc,3
1509,low,high,5more,more,big,med,acc,3
1510,low,high,5more,more,big,high,vgood,3
1511,low,med,2,2,small,low,unacc,2
1512,low,med,2,2,small,med,unacc,2
1513,low,med,2,2,small,high,unacc,2
1514,low,med,2,2,med,low,unacc,2
1515,low,med,2,2,med,med,unacc,2
1516,low,med,2,2,med,high,unacc,2
1517,low,med,2,2,big,low,unacc,2
1518,low,med,2,2,big,med,unacc,2
1519,low,med,2,2,big,high,unacc,2
1520,low,med,2,4,small,low,unacc,2
1521,low,med,2,4,small,med,acc,2
1522,low,med,2,4,small,high,good,2
1523,low,med,2,4,med,low,unacc,2
1524,low,med,2,4,med,med,acc,2
1525,low,med,2,4,med,high,good,2
1526,low,med,2,4,big,low,unacc,2
1527,low,med,2,4,big,med,good,2
1528,low,med,2,4,big,high,vgood,2
1529,low,med,2,more,small,low,unacc,2
1530,low,med,2,more,small,med,unacc,2
1531,low,med,2,more,small,high,unacc,2
1532,low,med,2,more,med,low,unacc,2
1533,low,med,2,more,med,med,acc,2
1534,low,med,2,more,med,high,good,2
1535,low,med,2,more,big,low,unacc,2
1536,low,med,2,more,big,med,good,2
1537,low,med,2,more,big,high,vgood,2
1538,low,med,3,2,small,low,unacc,2
1539,low,med,3,2,small,med,unacc,2
1540,low,med,3,2,small,high,unacc,2
1541,low,med,3,2,med,low,unacc,2
1542,low,med,3,2,med,med,unacc,2
1543,low,med,3,2,med,high,unacc,2
1544,low,med,3,2,big,low,unacc,2
1545,low,med,3,2,big,med,unacc,2
1546,low,med,3,2,big,high,unacc,2
1547,low,med,3,4,small,low,unacc,2
1548,low,med,3,4,small,med,acc,2
1549,low,med,3,4,small,high,good,2
1550,low,med,3,4,med,low,unacc,2
1551,low,med,3,4,med,med,acc,2
1552,low,med,3,4,med,high,good,2
1553,low,med,3,4,big,low,unacc,2
1554,low,med,3,4,big,med,good,2
1555,low,med,3,4,big,high,vgood,2
1556,low,med,3,more,small,low,unacc,2
1557,low,med,3,more,small,med,acc,2
1558,low,med,3,more,small,high,good,2
1559,low,med,3,more,med,low,unacc,2
1560,low,med,3,more,med,med,good,2
1561,low,med,3,more,med,high,vgood,2
1562,low,med,3,more,big,low,unacc,2
1563,low,med,3,more,big,med,good,2
1564,low,med,3,more,big,high,vgood,2
1565,low,med,4,2,small,low,unacc,2
1566,low,med,4,2,small,med,unacc,2
1567,low,med,4,2,small,high,unacc,2
1568,low,med,4,2,med,low,unacc,2
1569,low,med,4,2,med,med,unacc,2
1570,low,med,4,2,med,high,unacc,2
1571,low,med,4,2,big,low,unacc,2
1572,low,med,4,2,big,med,unacc,2
1573,low,med,4,2,big,high,unacc,2
1574,low,med,4,4,small,low,unacc,2
1575,low,med,4,4,small,med,acc,2
1576,low,med,4,4,small,high,good,2
1577,low,med,4,4,med,low,unacc,2
1578,low,med,4,4,med,med,good,2
1579,low,med,4,4,med,high,vgood,2
1580,low,med,4,4,big,low,unacc,2
1581,low,med,4,4,big,med,good,2
1582,low,med,4,4,big,high,vgood,2
1583,low,med,4,more,small,low,unacc,2
1584,low,med,4,more,small,med,acc,2
1585,low,med,4,more,small,high,good,2
1586,low,med,4,more,med,low,unacc,2
1587,low,med,4,more,med,med,good,2
1588,low,med,4,more,med,high,vgood,2
1589,low,med,4,more,big,low,unacc,2
1590,low,med,4,more,big,med,good,2
1591,low,med,4,more,big,high,vgood,2
1592,low,med,5more,2,small,low,unacc,2
1593,low,med,5more,2,small,med,unacc,2
1594,low,med,5more,2,small,high,unacc,2
1595,low,med,5more,2,med,low,unacc,2
1596,low,med,5more,2,med,med,unacc,2
1597,low,med,5more,2,med,high,unacc,2
1598,low,med,5more,2,big,low,unacc,2
1599,low,med,5more,2,big,med,unacc,2
1600,low,med,5more,2,big,high,unacc,2
1601,low,med,5more,4,small,low,unacc,2
1602,low,med,5more,4,small,med,acc,2
1603,low,med,5more,4,small,high,good,2
1604,low,med,5more,4,med,low,unacc,2
1605,low,med,5more,4,med,med,good,2
1606,low,med,5more,4,med,high,vgood,2
1607,low,med,5more,4,big,low,unacc,2
1608,low,med,5more,4,big,med,good,2
1609,low,med,5more,4,big,high,vgood,2
1610,low,med,5more,more,small,low,unacc,2
1611,low,med,5more,more,small,med,acc,2
1612,low,med,5more,more,small,high,good,2
1613,low,med,5more,more,med,low,unacc,2
1614,low,med,5more,more,med,med,good,2
1615,low,med,5more,more,med,high,vgood,2
1616,low,med,5more,more,big,low,unacc,2
1617,low,med,5more,more,big,med,good,2
1618,low,med,5more,more,big,high,vgood,2
1619,low,low,2,2,small,low,unacc,1
1620,low,low,2,2,small,med,unacc,1
1621,low,low,2,2,small,high,unacc,1
1622,low,low,2,2,med,low,unacc,1
1623,low,low,2,2,med,med,unacc,1
1624,low,low,2,2,med,high,unacc,1
1625,low,low,2,2,big,low,unacc,1
1626,low,low,2,2,big,med,unacc,1
1627,low,low,2,2,big,high,unacc,1
1628,low,low,2,4,small,low,unacc,1
1629,low,low,2,4,small,med,acc,1
1630,low,low,2,4,small,high,good,1
1631,low,low,2,4,med,low,unacc,1
1632,low,low,2,4,med,med,acc,1
1633,low,low,2,4,med,high,good,1
1634,low,low,2,4,big,low,unacc,1
1635,low,low,2,4,big,med,good,1
1636,low,low,2,4,big,high,vgood,1
1637,low,low,2,more,small,low,unacc,1
1638,low,low,2,more,small,med,unacc,1
1639,low,low,2,more,small,high,unacc,1
1640,low,low,2,more,med,low,unacc,1
1641,low,low,2,more,med,med,acc,1
1642,low,low,2,more,med,high,good,1
1643,low,low,2,more,big,low,unacc,1
1644,low,low,2,more,big,med,good,1
1645,low,low,2,more,big,high,vgood,1
1646,low,low,3,2,small,low,unacc,1
1647,low,low,3,2,small,med,unacc,1
1648,low,low,3,2,small,high,unacc,1
1649,low,low,3,2,med,low,unacc,1
1650,low,low,3,2,med,med,unacc,1
1651,low,low,3,2,med,high,unacc,1
1652,low,low,3,2,big,low,unacc,1
1653,low,low,3,2,big,med,unacc,1
1654,low,low,3,2,big,high,unacc,1
1655,low,low,3,4,small,low,unacc,1
1656,low,low,3,4,small,med,acc,1
1657,low,low,3,4,small,high,good,1
1658,low,low,3,4,med,low,unacc,1
1659,low,low,3,4,med,med,acc,1
1660,low,low,3,4,med,high,good,1
1661,low,low,3,4,big,low,unacc,1
1662,low,low,3,4,big,med,good,1
1663,low,low,3,4,big,high,vgood,1
1664,low,low,3,more,small,low,unacc,1
1665,low,low,3,more,small,med,acc,1
1666,low,low,3,more,small,high,good,1
1667,low,low,3,more,med,low,unacc,1
1668,low,low,3,more,med,med,good,1
1669,low,low,3,more,med,high,vgood,1
1670,low,low,3,more,big,low,unacc,1
1671,low,low,3,more,big,med,good,1
1672,low,low,3,more,big,high,vgood,1
1673,low,low,4,2,small,low,unacc,1
1674,low,low,4,2,small,med,unacc,1
1675,low,low,4,2,small,high,unacc,1
1676,low,low,4,2,med,low,unacc,1
1677,low,low,4,2,med,med,unacc,1
1678,low,low,4,2,med,high,unacc,1
1679,low,low,4,2,big,low,unacc,1
1680,low,low,4,2,big,med,unacc,1
1681,low,low,4,2,big,high,unacc,1
1682,low,low,4,4,small,low,unacc,1
1683,low,low,4,4,small,med,acc,1
1684,low,low,4,4,small,high,good,1
1685,low,low,4,4,med,low,unacc,1
1686,low,low,4,4,med,med,good,1
1687,low,low,4,4,med,high,vgood,1
1688,low,low,4,4,big,low,unacc,1
1689,low,low,4,4,big,med,good,1
1690,low,low,4,4,big,high,vgood,1
1691,low,low,4,more,small,low,unacc,1
1692,low,low,4,more,small,med,acc,1
1693,low,low,4,more,small,high,good,1
1694,low,low,4,more,med,low,unacc,1
1695,low,low,4,more,med,med,good,1
1696,low,low,4,more,med,high,vgood,1
1697,low,low,4,more,big,low,unacc,1
1698,low,low,4,more,big,med,good,1
1699,low,low,4,more,big,high,vgood,1
1700,low,low,5more,2,small,low,unacc,1
1701,low,low,5more,2,small,med,unacc,1
1702,low,low,5more,2,small,high,unacc,1
1703,low,low,5more,2,med,low,unacc,1
1704,low,low,5more,2,med,med,unacc,1
1705,low,low,5more,2,med,high,unacc,1
1706,low,low,5more,2,big,low,unacc,1
1707,low,low,5more,2,big,med,unacc,1
1708,low,low,5more,2,big,high,unacc,1
1709,low,low,5more,4,small,low,unacc,1
1710,low,low,5more,4,small,med,acc,1
1711,low,low,5more,4,small,high,good,1
1712,low,low,5more,4,med,low,unacc,1
1713,low,low,5more,4,med,med,good,1
1714,low,low,5more,4,med,high,vgood,1
1715,low,low,5more,4,big,low,unacc,1
1716,low,low,5more,4,big,med,good,1
1717,low,low,5more,4,big,high,vgood,1
1718,low,low,5more,more,small,low,unacc,1
1719,low,low,5more,more,small,med,acc,1
1720,low,low,5more,more,small,high,good,1
1721,low,low,5more,more,med,low,unacc,1
1722,low,low,5more,more,med,med,good,1
1723,low,low,5more,more,med,high,vgood,1
1724,low,low,5more,more,big,low,unacc,1
1725,low,low,5more,more,big,med,good,1
1726,low,low,5more,more,big,high,vgood,1
